"ec_class","node_count_mean","node_count_median","node_count_sd","edge_count_mean","edge_count_median","edge_count_sd","radius_mean","radius_median","radius_sd","diameter_mean","diameter_median","diameter_sd","mean_eigen_cent_mean","mean_eigen_cent_median","mean_eigen_cent_sd"
"global",32.6333333333333,32,15.2885072187308,124.273333333333,120,51.0411659669035,5.66,6,2.49160192116556,10.9016666666667,11,4.83227849099986,0.373418854468266,0.347692574292071,0.154560532918223
"1",36.23,32,20.4039286175556,132.74,125,50.1880544360987,6.28,6,3.06521704868604,12.19,11,5.87013499405975,0.355727085144783,0.359761389727468,0.147939868141315
"2",29.92,27,13.0621513534256,113.76,104,49.914091854471,5.27,6,1.99926754264423,10.1,10.5,3.90156663690654,0.379627280947557,0.338247924790084,0.16051331713108
"3",28.9,27,10.1727502910889,111.2,110,39.4579433438857,4.83,4,2.23405687058546,9.32,8,4.35977944025575,0.39105486048572,0.391854383524021,0.130670988294342
"4",38.21,40,13.2537740003565,148.8,156,43.7670601657863,6.29,6,2.13813380348756,12.16,12,4.20850509700477,0.331384802155903,0.303365294792005,0.139600445791359
"5",31.36,31.5,16.4344550603698,119.6,110,59.177527812336,5.12,5,2.32804595740676,9.75,9,4.48876262448683,0.400512086979072,0.367994900835982,0.166852254438082
"6",31.18,33,14.4322730382468,119.54,123,52.6216570233092,6.17,6,2.64405183402484,11.89,12,5.09484786303524,0.382207011096561,0.339528752248861,0.170918764756721
